Date,BDI
1/2/2020,976
1/3/2020,907
1/6/2020,844
1/7/2020,791
1/8/2020,773
1/9/2020,772
1/10/2020,774
1/13/2020,765
1/14/2020,763
1/15/2020,768
1/16/2020,768
1/17/2020,754
1/20/2020,729
1/21/2020,689
1/22/2020,623
1/23/2020,576
1/24/2020,557
1/27/2020,546
1/28/2020,539
1/29/2020,525
1/30/2020,498
1/31/2020,487
2/3/2020,466
2/4/2020,453
2/5/2020,430
2/6/2020,431
2/7/2020,415
2/10/2020,411
2/11/2020,418
2/12/2020,421
2/13/2020,421
2/14/2020,425
2/17/2020,434
2/18/2020,450
2/19/2020,465
2/20/2020,480
2/21/2020,497
2/24/2020,506
2/25/2020,508
2/26/2020,517
2/27/2020,529
2/28/2020,535
3/2/2020,539
3/3/2020,549
3/4/2020,562
3/5/2020,599
3/6/2020,617
3/9/2020,616
3/10/2020,627
3/11/2020,631
3/12/2020,633
3/13/2020,631
3/16/2020,623
3/17/2020,612
3/18/2020,629
3/19/2020,630
3/20/2020,625
3/23/2020,617
3/24/2020,603
3/25/2020,582
3/26/2020,569
3/27/2020,556
3/30/2020,548
3/31/2020,626
4/1/2020,624
4/2/2020,624
4/3/2020,616
4/6/2020,604
4/7/2020,596
4/8/2020,607
4/9/2020,635
4/14/2020,679
4/15/2020,706
4/16/2020,726
4/17/2020,751
4/20/2020,757
4/21/2020,728
4/22/2020,694
4/23/2020,672
4/24/2020,665
4/27/2020,661
4/28/2020,655
4/29/2020,643
4/30/2020,635
5/1/2020,617
5/4/2020,598
5/5/2020,575
5/6/2020,534
5/7/2020,514
5/11/2020,474
5/12/2020,433
5/13/2020,398
5/14/2020,393
5/15/2020,407
5/18/2020,427
5/19/2020,453
5/20/2020,477
5/21/2020,494
5/22/2020,498
5/26/2020,506
5/27/2020,502
5/28/2020,489
5/29/2020,504
6/1/2020,520
6/2/2020,546
6/3/2020,592
6/4/2020,632
6/5/2020,679
6/8/2020,698
6/9/2020,714
6/10/2020,764
6/11/2020,839
6/12/2020,923
6/15/2020,973
6/16/2020,"1,054.00"
6/17/2020,"1,246.00"
6/18/2020,"1,527.00"
6/19/2020,"1,555.00"
6/22/2020,"1,558.00"
6/23/2020,"1,617.00"
6/24/2020,"1,705.00"
6/25/2020,"1,738.00"
6/26/2020,"1,749.00"
6/29/2020,"1,794.00"
6/30/2020,"1,799.00"
7/1/2020,"1,803.00"
7/2/2020,"1,823.00"
7/3/2020,"1,894.00"
7/6/2020,"1,956.00"
7/7/2020,"1,949.00"
7/8/2020,"1,849.00"
7/9/2020,"1,810.00"
7/10/2020,"1,810.00"
7/13/2020,"1,792.00"
7/14/2020,"1,742.00"
7/15/2020,"1,696.00"
7/16/2020,"1,699.00"
7/17/2020,"1,710.00"
7/20/2020,"1,678.00"
7/21/2020,"1,594.00"
7/22/2020,"1,473.00"
7/23/2020,"1,388.00"
7/24/2020,"1,317.00"
7/27/2020,"1,293.00"
7/28/2020,"1,264.00"
7/29/2020,"1,317.00"
7/30/2020,"1,348.00"
7/31/2020,"1,350.00"
8/3/2020,"1,385.00"
8/7/2020,"1,501.00"
8/10/2020,"1,506.00"
8/11/2020,"1,510.00"
8/12/2020,"1,540.00"
8/13/2020,"1,577.00"
8/14/2020,"1,595.00"
8/17/2020,"1,598.00"
8/18/2020,"1,586.00"
8/19/2020,"1,568.00"
8/20/2020,"1,518.00"
8/21/2020,"1,481.00"
8/24/2020,"1,491.00"
8/25/2020,"1,518.00"
8/26/2020,"1,509.00"
8/27/2020,"1,504.00"
8/28/2020,"1,488.00"
9/1/2020,"1,471.00"
9/2/2020,"1,445.00"
9/3/2020,"1,395.00"
9/4/2020,"1,362.00"
9/7/2020,"1,349.00"
9/8/2020,"1,328.00"
9/9/2020,"1,296.00"
9/10/2020,"1,269.00"
9/11/2020,"1,267.00"
9/14/2020,"1,282.00"
9/15/2020,"1,289.00"
9/16/2020,"1,281.00"
9/17/2020,"1,294.00"
9/18/2020,"1,296.00"
9/21/2020,"1,314.00"
9/22/2020,"1,364.00"
9/23/2020,"1,426.00"
9/24/2020,"1,605.00"
9/25/2020,"1,667.00"
9/28/2020,"1,654.00"
9/29/2020,"1,658.00"
9/30/2020,"1,725.00"
10/1/2020,"1,869.00"
10/2/2020,"2,020.00"
10/5/2020,"2,071.00"
10/6/2020,"2,097.00"
10/7/2020,"2,044.00"
10/8/2020,"1,970.00"
10/9/2020,"1,892.00"
10/12/2020,"1,807.00"
10/13/2020,"1,732.00"
10/14/2020,"1,637.00"
10/15/2020,"1,561.00"
10/16/2020,"1,477.00"
10/19/2020,"1,409.00"
10/20/2020,"1,350.00"
10/21/2020,"1,346.00"
10/22/2020,"1,401.00"
10/23/2020,"1,415.00"
10/26/2020,"1,402.00"
10/27/2020,"1,413.00"
10/28/2020,"1,384.00"
10/29/2020,"1,297.00"
10/30/2020,"1,283.00"
11/2/2020,"1,284.00"
11/3/2020,"1,263.00"
11/4/2020,"1,224.00"
11/5/2020,"1,194.00"
11/6/2020,"1,196.00"
11/9/2020,"1,207.00"
11/10/2020,"1,200.00"
11/11/2020,"1,141.00"
11/12/2020,"1,124.00"
11/16/2020,"1,111.00"
11/17/2020,"1,112.00"
11/18/2020,"1,115.00"
11/19/2020,"1,134.00"
11/20/2020,"1,148.00"
11/23/2020,"1,169.00"
11/24/2020,"1,178.00"
11/25/2020,"1,197.00"
11/26/2020,"1,219.00"
11/27/2020,"1,230.00"
11/30/2020,"1,227.00"
12/1/2020,"1,211.00"
12/2/2020,"1,201.00"
12/3/2020,"1,189.00"
12/4/2020,"1,197.00"
12/7/2020,"1,162.00"
12/8/2020,"1,121.00"
12/9/2020,"1,122.00"
12/10/2020,"1,161.00"
12/11/2020,"1,211.00"
12/14/2020,"1,235.00"
12/15/2020,"1,273.00"
12/16/2020,"1,296.00"
12/17/2020,"1,301.00"
12/18/2020,"1,325.00"
12/21/2020,"1,323.00"
12/22/2020,"1,330.00"
12/23/2020,"1,362.00"
12/24/2020,"1,366.00"
1/4/2021,"1,374.00"
1/5/2021,"1,418.00"
1/6/2021,"1,425.00"
1/7/2021,"1,448.00"
1/8/2021,"1,606.00"
1/11/2021,"1,761.00"
1/12/2021,"1,849.00"
1/13/2021,"1,856.00"
1/14/2021,"1,792.00"
1/15/2021,"1,754.00"
1/18/2021,"1,740.00"
1/19/2021,"1,766.00"
1/20/2021,"1,828.00"
1/21/2021,"1,837.00"
1/22/2021,"1,810.00"
1/25/2021,"1,765.00"
1/26/2021,"1,659.00"
1/27/2021,"1,540.00"
1/28/2021,"1,470.00"
1/29/2021,"1,452.00"
2/1/2021,"1,444.00"
2/2/2021,"1,380.00"
2/3/2021,"1,327.00"
2/4/2021,"1,327.00"
2/5/2021,"1,333.00"
2/8/2021,"1,317.00"
2/9/2021,"1,306.00"
2/10/2021,"1,303.00"
2/11/2021,"1,313.00"
2/12/2021,"1,339.00"
2/15/2021,"1,364.00"
2/16/2021,"1,495.00"
2/17/2021,"1,756.00"
2/18/2021,"1,770.00"
2/19/2021,"1,698.00"
2/22/2021,"1,709.00"
2/23/2021,"1,727.00"
2/24/2021,"1,709.00"
2/25/2021,"1,700.00"
2/26/2021,"1,675.00"
3/1/2021,"1,651.00"
3/2/2021,"1,673.00"
3/3/2021,"1,763.00"
3/4/2021,"1,779.00"
3/5/2021,"1,829.00"
3/8/2021,"1,853.00"
3/9/2021,"1,901.00"
3/10/2021,"1,980.00"
3/11/2021,"1,970.00"
3/12/2021,"1,960.00"
3/15/2021,"1,983.00"
3/16/2021,"2,017.00"
3/17/2021,"2,105.00"
3/18/2021,"2,215.00"
3/19/2021,"2,281.00"
3/22/2021,"2,319.00"
3/23/2021,"2,271.00"
3/24/2021,"2,194.00"
3/25/2021,"2,172.00"
3/26/2021,"2,178.00"
3/29/2021,"2,162.00"
3/30/2021,"2,103.00"
3/31/2021,"2,046.00"
4/1/2021,"2,072.00"
4/6/2021,"2,092.00"
4/7/2021,"2,127.00"
4/8/2021,"2,088.00"
4/9/2021,"2,085.00"
4/12/2021,"2,145.00"
4/13/2021,"2,140.00"
4/14/2021,"2,178.00"
4/15/2021,"2,323.00"
4/16/2021,"2,385.00"
4/19/2021,"2,432.00"
4/20/2021,"2,472.00"
4/21/2021,"2,710.00"
4/22/2021,"2,750.00"
4/23/2021,"2,788.00"
4/26/2021,"2,808.00"
4/27/2021,"2,889.00"
4/28/2021,"2,957.00"
4/29/2021,"3,007.00"
4/30/2021,"3,053.00"
5/4/2021,"3,157.00"
5/5/2021,"3,266.00"
5/6/2021,"3,212.00"
5/7/2021,"3,183.00"
5/10/2021,"3,240.00"
5/11/2021,"3,254.00"
5/12/2021,"3,139.00"
5/13/2021,"3,077.00"
5/14/2021,"2,939.00"
5/17/2021,"2,856.00"
5/18/2021,"2,795.00"
5/19/2021,"2,801.00"
5/20/2021,"2,824.00"
5/21/2021,"2,869.00"
5/24/2021,"2,881.00"
5/25/2021,"2,809.00"
5/26/2021,"2,754.00"
5/27/2021,"2,688.00"
5/28/2021,"2,596.00"
6/1/2021,"2,568.00"
6/2/2021,"2,530.00"
6/3/2021,"2,472.00"
6/4/2021,"2,438.00"
6/7/2021,"2,428.00"
6/8/2021,"2,420.00"
6/9/2021,"2,481.00"
6/10/2021,"2,669.00"
6/11/2021,"2,857.00"
6/14/2021,"2,944.00"
6/15/2021,"3,025.00"
6/16/2021,"3,176.00"
6/17/2021,"3,267.00"
6/18/2021,"3,218.00"
6/21/2021,"3,190.00"
6/22/2021,"3,119.00"
6/23/2021,"3,147.00"
6/24/2021,"3,175.00"
6/25/2021,"3,255.00"
6/28/2021,"3,324.00"
6/29/2021,"3,418.00"
6/30/2021,"3,383.00"
7/1/2021,"3,338.00"
7/2/2021,"3,285.00"
7/5/2021,"3,224.00"
7/6/2021,"3,179.00"
7/7/2021,"3,241.00"
7/8/2021,"3,281.00"
7/9/2021,"3,300.00"
7/12/2021,"3,300.00"
7/13/2021,"3,228.00"
7/14/2021,"3,139.00"
7/15/2021,"3,073.00"
7/16/2021,"3,039.00"
7/19/2021,"3,059.00"
7/20/2021,"3,053.00"
7/21/2021,"3,058.00"
7/22/2021,"3,103.00"
7/23/2021,"3,199.00"
7/26/2021,"3,210.00"
7/27/2021,"3,166.00"
7/28/2021,"3,154.00"
7/29/2021,"3,214.00"
7/30/2021,"3,292.00"
8/2/2021,"3,282.00"
8/3/2021,"3,281.00"
8/4/2021,"3,318.00"
8/5/2021,"3,376.00"
8/6/2021,"3,371.00"
8/9/2021,"3,371.00"
8/10/2021,"3,375.00"
8/11/2021,"3,410.00"
8/12/2021,"3,503.00"
8/13/2021,"3,566.00"
8/16/2021,"3,606.00"
8/17/2021,"3,657.00"
8/18/2021,"3,833.00"
8/19/2021,"3,976.00"
8/20/2021,"4,092.00"
8/23/2021,"4,147.00"
8/24/2021,"4,201.00"
8/25/2021,"4,193.00"
8/26/2021,"4,195.00"
8/27/2021,"4,235.00"
8/31/2021,"4,132.00"
9/1/2021,"4,013.00"
9/2/2021,"4,001.00"
9/3/2021,"3,944.00"
9/6/2021,"3,822.00"
9/7/2021,"3,707.00"
9/8/2021,"3,618.00"
9/9/2021,"3,643.00"
9/10/2021,"3,864.00"
9/13/2021,"4,163.00"
9/14/2021,"4,221.00"
9/15/2021,"4,233.00"
9/16/2021,"4,215.00"
9/17/2021,"4,275.00"
9/20/2021,"4,304.00"
9/21/2021,"4,410.00"
9/22/2021,"4,560.00"
9/23/2021,"4,651.00"
9/24/2021,"4,644.00"
9/27/2021,"4,717.00"
9/28/2021,"4,962.00"
9/29/2021,"5,197.00"
9/30/2021,"5,167.00"
10/1/2021,"5,202.00"
10/4/2021,"5,267.00"
10/5/2021,"5,409.00"
10/6/2021,"5,647.00"
10/7/2021,"5,650.00"
10/8/2021,"5,526.00"
10/11/2021,"5,488.00"
10/12/2021,"5,378.00"
10/13/2021,"5,206.00"
10/14/2021,"5,062.00"
10/15/2021,"4,854.00"
10/18/2021,"4,732.00"
10/19/2021,"4,714.00"
10/20/2021,"4,751.00"
10/21/2021,"4,653.00"
10/22/2021,"4,410.00"
10/25/2021,"4,257.00"
10/26/2021,"4,056.00"
10/27/2021,"3,808.00"
10/28/2021,"3,630.00"
10/29/2021,"3,519.00"
11/1/2021,"3,428.00"
11/2/2021,"3,187.00"
11/3/2021,"2,892.00"
11/4/2021,"2,769.00"
11/5/2021,"2,715.00"
11/8/2021,"2,718.00"
11/9/2021,"2,805.00"
11/10/2021,"2,861.00"
11/11/2021,"2,844.00"
11/12/2021,"2,807.00"
11/15/2021,"2,759.00"
11/16/2021,"2,591.00"
11/17/2021,"2,430.00"
11/18/2021,"2,454.00"
11/19/2021,"2,552.00"
11/22/2021,"2,645.00"
11/23/2021,"2,715.00"
11/24/2021,"2,654.00"
11/25/2021,"2,678.00"
11/26/2021,"2,767.00"
11/29/2021,"2,881.00"
11/30/2021,"3,018.00"
12/1/2021,"3,047.00"
12/2/2021,"3,115.00"
12/3/2021,"3,171.00"
12/6/2021,"3,235.00"
12/7/2021,"3,352.00"
12/8/2021,"3,423.00"
12/9/2021,"3,343.00"
12/10/2021,"3,272.00"
12/13/2021,"3,216.00"
12/14/2021,"2,932.00"
12/15/2021,"2,665.00"
12/16/2021,"2,498.00"
12/17/2021,"2,379.00"
12/20/2021,"2,371.00"
12/21/2021,"2,294.00"
12/22/2021,"2,229.00"
12/23/2021,"2,219.00"
12/24/2021,"2,217.00"
1/4/2022,"2,285.00"
1/5/2022,"2,289.00"
1/6/2022,"2,296.00"
1/7/2022,"2,289.00"
1/10/2022,"2,277.00"
1/11/2022,"2,151.00"
1/12/2022,"2,027.00"
1/13/2022,"1,873.00"
1/14/2022,"1,764.00"
1/17/2022,"1,731.00"
1/18/2022,"1,644.00"
1/19/2022,"1,570.00"
1/20/2022,"1,474.00"
1/21/2022,"1,415.00"
1/24/2022,"1,391.00"
1/25/2022,"1,343.00"
1/26/2022,"1,296.00"
1/27/2022,"1,302.00"
1/28/2022,"1,381.00"
1/31/2022,"1,418.00"
2/1/2022,"1,440.00"
2/2/2022,"1,419.00"
2/3/2022,"1,425.00"
2/4/2022,"1,423.00"
2/7/2022,"1,422.00"
2/8/2022,"1,503.00"
2/9/2022,"1,711.00"
2/10/2022,"1,940.00"
2/11/2022,"1,977.00"
2/14/2022,"1,984.00"
2/15/2022,"1,968.00"
2/16/2022,"1,896.00"
2/17/2022,"1,886.00"
2/18/2022,"1,964.00"
2/21/2022,"2,045.00"
2/22/2022,"2,148.00"
2/23/2022,"2,244.00"
2/24/2022,"2,187.00"
2/25/2022,"2,076.00"
2/28/2022,"2,040.00"
3/1/2022,"2,069.00"
3/2/2022,"2,137.00"
3/3/2022,"2,104.00"
3/4/2022,"2,148.00"
3/7/2022,"2,235.00"
3/8/2022,"2,352.00"
3/9/2022,"2,558.00"
3/10/2022,"2,704.00"
3/11/2022,"2,718.00"
3/14/2022,"2,727.00"
3/15/2022,"2,689.00"
3/16/2022,"2,591.00"
3/17/2022,"2,588.00"
3/18/2022,"2,605.00"
3/21/2022,"2,589.00"
3/22/2022,"2,546.00"
3/23/2022,"2,575.00"
3/24/2022,"2,567.00"
3/25/2022,"2,544.00"
3/28/2022,"2,484.00"
3/29/2022,"2,417.00"
3/30/2022,"2,369.00"
3/31/2022,"2,358.00"
4/1/2022,"2,357.00"
4/4/2022,"2,307.00"
4/5/2022,"2,213.00"
4/6/2022,"2,128.00"
4/7/2022,"2,061.00"
4/8/2022,"2,055.00"
4/11/2022,"2,031.00"
4/12/2022,"2,035.00"
4/13/2022,"2,068.00"
4/14/2022,"2,137.00"
4/19/2022,"2,115.00"
4/20/2022,"2,142.00"
4/21/2022,"2,239.00"
4/22/2022,"2,307.00"
4/25/2022,"2,356.00"
4/26/2022,"2,404.00"
4/27/2022,"2,425.00"
4/28/2022,"2,403.00"
4/29/2022,"2,404.00"
5/3/2022,"2,412.00"
5/4/2022,"2,485.00"
5/5/2022,"2,644.00"
5/6/2022,"2,718.00"
5/9/2022,"2,831.00"
5/10/2022,"2,939.00"
5/11/2022,"3,052.00"
5/12/2022,"3,117.00"
5/13/2022,"3,104.00"
5/16/2022,"3,085.00"
5/17/2022,"3,095.00"
5/18/2022,"3,189.00"
5/19/2022,"3,289.00"
5/20/2022,"3,344.00"
5/23/2022,"3,369.00"
5/24/2022,"3,253.00"
5/25/2022,"3,127.00"
5/26/2022,"2,933.00"
5/27/2022,"2,681.00"
5/30/2022,"2,571.00"
5/31/2022,"2,566.00"
6/1/2022,"2,633.00"
6/6/2022,"2,560.00"
6/7/2022,"2,514.00"
6/8/2022,"2,410.00"
6/9/2022,"2,342.00"
6/10/2022,"2,320.00"
6/13/2022,"2,260.00"
6/14/2022,"2,284.00"
6/15/2022,"2,387.00"
6/16/2022,"2,462.00"
6/17/2022,"2,578.00"
6/20/2022,"2,596.00"
6/21/2022,"2,484.00"
6/22/2022,"2,349.00"
6/23/2022,"2,354.00"
6/24/2022,"2,331.00"
6/27/2022,"2,295.00"
6/28/2022,"2,204.00"
6/29/2022,"2,186.00"
6/30/2022,"2,240.00"
7/1/2022,"2,214.00"
7/4/2022,"2,159.00"
7/5/2022,"2,098.00"
7/6/2022,"2,043.00"
7/7/2022,"2,073.00"
7/8/2022,"2,067.00"
7/11/2022,"2,081.00"
7/12/2022,"2,013.00"
7/13/2022,"2,002.00"
7/14/2022,"2,010.00"
7/15/2022,"2,150.00"
7/18/2022,"2,162.00"
7/19/2022,"2,145.00"
7/20/2022,"2,113.00"
7/21/2022,"2,118.00"
7/22/2022,"2,146.00"
7/25/2022,"2,114.00"
7/26/2022,"2,061.00"
7/27/2022,"2,007.00"
7/28/2022,"1,945.00"
7/29/2022,"1,895.00"
8/1/2022,"1,872.00"
8/2/2022,"1,817.00"
8/3/2022,"1,731.00"
8/4/2022,"1,603.00"
8/5/2022,"1,560.00"
8/8/2022,"1,566.00"
8/9/2022,"1,564.00"
8/10/2022,"1,592.00"
8/11/2022,"1,556.00"
8/12/2022,"1,477.00"
8/15/2022,"1,404.00"
8/16/2022,"1,387.00"
8/17/2022,"1,394.00"
8/18/2022,"1,320.00"
8/19/2022,"1,279.00"
8/22/2022,"1,270.00"
8/23/2022,"1,271.00"
8/24/2022,"1,213.00"
8/25/2022,"1,123.00"
8/26/2022,"1,082.00"
8/30/2022,"1,017.00"
8/31/2022,965
9/1/2022,"1,002.00"
9/2/2022,"1,086.00"
9/5/2022,"1,133.00"
9/6/2022,"1,114.00"
9/7/2022,"1,133.00"
9/8/2022,"1,178.00"
9/9/2022,"1,213.00"
9/12/2022,"1,256.00"
9/13/2022,"1,408.00"
9/14/2022,"1,595.00"
9/15/2022,"1,612.00"
9/16/2022,"1,553.00"
9/20/2022,"1,729.00"
9/21/2022,"1,746.00"
9/22/2022,"1,720.00"
9/23/2022,"1,816.00"
9/26/2022,"1,813.00"
9/27/2022,"1,807.00"
9/28/2022,"1,799.00"
9/29/2022,"1,757.00"
9/30/2022,"1,760.00"
10/3/2022,"1,788.00"
10/4/2022,"1,865.00"
10/5/2022,"1,996.00"
10/6/2022,"1,992.00"
10/7/2022,"1,961.00"
10/10/2022,"1,944.00"
10/11/2022,"1,904.00"
10/12/2022,"1,873.00"
10/13/2022,"1,818.00"
10/14/2022,"1,838.00"
10/17/2022,"1,843.00"
10/18/2022,"1,875.00"
10/19/2022,"1,871.00"
10/20/2022,"1,837.00"
10/21/2022,"1,819.00"
10/24/2022,"1,797.00"
10/25/2022,"1,755.00"
10/26/2022,"1,706.00"
10/27/2022,"1,612.00"
10/28/2022,"1,534.00"
10/31/2022,"1,463.00"
11/1/2022,"1,377.00"
11/2/2022,"1,321.00"
11/3/2022,"1,290.00"
11/4/2022,"1,323.00"
11/7/2022,"1,337.00"
11/8/2022,"1,356.00"
11/9/2022,"1,393.00"
11/10/2022,"1,390.00"
11/11/2022,"1,355.00"
11/14/2022,"1,325.00"
11/15/2022,"1,300.00"
11/16/2022,"1,288.00"
11/17/2022,"1,228.00"
11/18/2022,"1,189.00"
11/21/2022,"1,177.00"
11/22/2022,"1,149.00"
11/23/2022,"1,184.00"
11/24/2022,"1,242.00"
11/25/2022,"1,324.00"
11/28/2022,"1,347.00"
11/29/2022,"1,327.00"
11/30/2022,"1,355.00"
12/1/2022,"1,338.00"
12/2/2022,"1,324.00"
12/5/2022,"1,323.00"
12/6/2022,"1,340.00"
12/7/2022,"1,373.00"
12/8/2022,"1,385.00"
12/9/2022,"1,386.00"
12/12/2022,"1,361.00"
12/13/2022,"1,357.00"
12/14/2022,"1,401.00"
12/15/2022,"1,528.00"
12/16/2022,"1,560.00"
12/19/2022,"1,548.00"
12/20/2022,"1,596.00"
12/21/2022,"1,723.00"
12/22/2022,"1,650.00"
12/23/2022,"1,515.00"
1/3/2023,"1,250.00"
1/4/2023,"1,176.00"
1/5/2023,"1,146.00"
1/6/2023,"1,130.00"
1/9/2023,"1,139.00"
1/10/2023,"1,096.00"
1/11/2023,"1,043.00"
1/12/2023,976
1/13/2023,946
1/16/2023,946
1/17/2023,921
1/18/2023,874
1/19/2023,801
1/20/2023,763
1/23/2023,740
1/24/2023,721
1/25/2023,703
1/26/2023,677
1/27/2023,676
1/30/2023,680
1/31/2023,681
2/1/2023,668
2/2/2023,640
2/3/2023,621
2/6/2023,608
2/7/2023,601
2/8/2023,603
2/9/2023,592
2/10/2023,602
2/13/2023,616
2/14/2023,563
2/15/2023,541
2/16/2023,530
2/17/2023,538
2/20/2023,552
2/21/2023,594
2/22/2023,674
2/23/2023,816
2/24/2023,883
2/27/2023,935
2/28/2023,990
3/1/2023,"1,099.00"
3/2/2023,"1,145.00"
3/3/2023,"1,211.00"
3/6/2023,"1,258.00"
3/7/2023,"1,298.00"
3/8/2023,"1,327.00"
3/9/2023,"1,379.00"
3/10/2023,"1,424.00"
3/13/2023,"1,465.00"
3/14/2023,"1,587.00"
3/15/2023,"1,603.00"
3/16/2023,"1,560.00"
3/17/2023,"1,535.00"
3/20/2023,"1,542.00"
3/21/2023,"1,512.00"
3/22/2023,"1,456.00"
3/23/2023,"1,484.00"
3/24/2023,"1,489.00"
3/27/2023,"1,456.00"
3/28/2023,"1,402.00"
3/29/2023,"1,407.00"
3/30/2023,"1,403.00"
3/31/2023,"1,389.00"
4/3/2023,"1,412.00"
4/4/2023,"1,473.00"
4/5/2023,"1,525.00"
4/6/2023,"1,560.00"
4/11/2023,"1,507.00"
4/12/2023,"1,463.00"
4/13/2023,"1,463.00"
4/14/2023,"1,435.00"
4/17/2023,"1,412.00"
4/18/2023,"1,368.00"
4/19/2023,"1,372.00"
4/20/2023,"1,432.00"
4/21/2023,"1,504.00"
4/24/2023,"1,517.00"
4/25/2023,"1,510.00"
4/26/2023,"1,536.00"
4/27/2023,"1,581.00"
4/28/2023,"1,576.00"
5/2/2023,"1,552.00"
5/3/2023,"1,558.00"
5/4/2023,"1,545.00"
5/5/2023,"1,558.00"
5/9/2023,"1,598.00"
5/10/2023,"1,640.00"
5/11/2023,"1,608.00"
5/12/2023,"1,558.00"
5/15/2023,"1,522.00"
5/16/2023,"1,476.00"
5/17/2023,"1,425.00"
5/18/2023,"1,402.00"
5/19/2023,"1,384.00"
5/22/2023,"1,365.00"
5/23/2023,"1,348.00"
5/24/2023,"1,295.00"
5/25/2023,"1,215.00"
5/26/2023,"1,172.00"
5/30/2023,"1,123.00"
5/31/2023,977
6/1/2023,937
6/2/2023,919
6/5/2023,939
6/6/2023,"1,016.00"
6/7/2023,"1,020.00"
6/8/2023,"1,040.00"
6/9/2023,"1,055.00"
6/12/2023,"1,056.00"
6/13/2023,"1,074.00"
6/14/2023,"1,079.00"
6/15/2023,"1,094.00"
6/16/2023,"1,076.00"
6/19/2023,"1,065.00"
6/20/2023,"1,078.00"
6/21/2023,"1,138.00"
6/22/2023,"1,216.00"
6/23/2023,"1,240.00"
6/26/2023,"1,233.00"
6/27/2023,"1,183.00"
6/28/2023,"1,138.00"
6/29/2023,"1,112.00"
6/30/2023,"1,091.00"
7/3/2023,"1,068.00"
7/4/2023,"1,044.00"
7/5/2023,994
7/6/2023,993
7/7/2023,"1,009.00"
7/10/2023,"1,024.00"
7/11/2023,"1,032.00"
7/12/2023,"1,088.00"
7/13/2023,"1,103.00"
7/14/2023,"1,090.00"
7/17/2023,"1,073.00"
7/18/2023,"1,037.00"
7/19/2023,"1,004.00"
7/20/2023,977
7/21/2023,978
7/24/2023,967
7/25/2023,962
7/26/2023,"1,067.00"
7/27/2023,"1,097.00"
7/28/2023,"1,110.00"
7/31/2023,"1,127.00"
8/1/2023,"1,150.00"
8/2/2023,"1,123.00"
8/3/2023,"1,128.00"
8/4/2023,"1,136.00"
8/7/2023,"1,145.00"
8/8/2023,"1,142.00"
8/9/2023,"1,144.00"
8/10/2023,"1,137.00"
8/11/2023,"1,129.00"
8/14/2023,"1,135.00"
8/15/2023,"1,166.00"
8/16/2023,"1,233.00"
8/17/2023,"1,247.00"
8/18/2023,"1,237.00"
8/21/2023,"1,223.00"
8/22/2023,"1,194.00"
8/23/2023,"1,151.00"
8/24/2023,"1,110.00"
8/25/2023,"1,080.00"
8/29/2023,"1,107.00"
8/30/2023,"1,094.00"
8/31/2023,"1,086.00"
9/1/2023,"1,065.00"
9/4/2023,"1,083.00"
9/5/2023,"1,063.00"
9/6/2023,"1,081.00"
9/7/2023,"1,141.00"
9/8/2023,"1,186.00"
9/11/2023,"1,209.00"
9/12/2023,"1,235.00"
9/13/2023,"1,290.00"
9/14/2023,"1,340.00"
9/15/2023,"1,381.00"
9/18/2023,"1,439.00"
9/19/2023,"1,526.00"
9/20/2023,"1,584.00"
9/21/2023,"1,569.00"
9/22/2023,"1,593.00"
9/25/2023,"1,614.00"
9/26/2023,"1,694.00"
9/27/2023,"1,752.00"
9/28/2023,"1,716.00"
9/29/2023,"1,701.00"
10/2/2023,"1,737.00"
10/3/2023,"1,780.00"
10/4/2023,"1,778.00"
10/5/2023,"1,827.00"
10/6/2023,"1,929.00"
10/9/2023,"1,991.00"
10/10/2023,"1,983.00"
10/11/2023,"1,948.00"
10/12/2023,"1,935.00"
10/13/2023,"1,945.00"
10/16/2023,"1,972.00"
10/17/2023,"2,058.00"
10/18/2023,"2,105.00"
10/19/2023,"2,071.00"
10/20/2023,"2,046.00"
10/23/2023,"2,017.00"
10/24/2023,"1,949.00"
10/25/2023,"1,832.00"
10/26/2023,"1,662.00"
10/27/2023,"1,563.00"
10/30/2023,"1,502.00"
10/31/2023,"1,459.00"
11/1/2023,"1,401.00"
11/2/2023,"1,385.00"
11/3/2023,"1,462.00"
11/6/2023,"1,523.00"
11/7/2023,"1,559.00"
11/8/2023,"1,530.00"
11/9/2023,"1,598.00"
11/10/2023,"1,643.00"
11/13/2023,"1,655.00"
11/14/2023,"1,662.00"
11/15/2023,"1,688.00"
11/16/2023,"1,758.00"
11/17/2023,"1,820.00"
11/20/2023,"1,817.00"
11/21/2023,"1,796.00"
11/22/2023,"1,755.00"
11/23/2023,"1,855.00"
11/24/2023,"2,102.00"
11/27/2023,"2,259.00"
11/28/2023,"2,391.00"
11/29/2023,"2,696.00"
11/30/2023,"2,937.00"
12/1/2023,"3,192.00"
12/4/2023,"3,346.00"
12/5/2023,"3,143.00"
12/6/2023,"2,848.00"
12/7/2023,"2,495.00"
12/8/2023,"2,483.00"
12/11/2023,"2,509.00"
12/12/2023,"2,551.00"
12/13/2023,"2,438.00"
12/14/2023,"2,411.00"
12/15/2023,"2,348.00"
12/18/2023,"2,288.00"
12/19/2023,"2,219.00"
12/20/2023,"2,150.00"
12/21/2023,"2,087.00"
12/22/2023,"2,094.00"
1/2/2024,"2,093.00"
1/3/2024,"2,091.00"
1/4/2024,"2,086.00"
1/5/2024,"2,110.00"
1/8/2024,"2,022.00"
1/9/2024,"1,875.00"
1/10/2024,"1,664.00"
1/11/2024,"1,554.00"
1/12/2024,"1,460.00"
1/15/2024,"1,360.00"
1/16/2024,"1,324.00"
1/17/2024,"1,308.00"
1/18/2024,"1,357.00"
1/19/2024,"1,503.00"
1/22/2024,"1,518.00"
1/23/2024,"1,473.00"
1/24/2024,"1,507.00"
1/25/2024,"1,499.00"
1/26/2024,"1,518.00"
1/29/2024,"1,460.00"
1/30/2024,"1,397.00"
1/31/2024,"1,398.00"
2/1/2024,"1,388.00"
2/2/2024,"1,407.00"
2/5/2024,"1,436.00"
2/6/2024,"1,516.00"
2/7/2024,"1,487.00"
2/8/2024,"1,473.00"
2/9/2024,"1,545.00"
2/12/2024,"1,572.00"
2/13/2024,"1,585.00"
2/14/2024,"1,582.00"
2/15/2024,"1,581.00"
2/16/2024,"1,610.00"
2/19/2024,"1,629.00"
2/20/2024,"1,632.00"
2/21/2024,"1,676.00"
2/22/2024,"1,752.00"
2/23/2024,"1,866.00"
2/26/2024,"1,871.00"
2/27/2024,"1,899.00"
2/28/2024,"2,041.00"
2/29/2024,"2,111.00"
3/1/2024,"2,203.00"
3/4/2024,"2,297.00"
3/5/2024,"2,291.00"
3/6/2024,"2,176.00"
3/7/2024,"2,251.00"
3/8/2024,"2,345.00"
3/11/2024,"2,377.00"
3/12/2024,"2,315.00"
3/13/2024,"2,370.00"
3/14/2024,"2,350.00"
3/15/2024,"2,374.00"
3/18/2024,"2,419.00"
3/19/2024,"2,392.00"
3/20/2024,"2,284.00"
3/21/2024,"2,240.00"
3/22/2024,"2,196.00"
3/25/2024,"2,123.00"
3/26/2024,"1,989.00"
3/27/2024,"1,845.00"
3/28/2024,"1,821.00"
4/2/2024,"1,714.00"
4/3/2024,"1,711.00"
4/4/2024,"1,669.00"
4/5/2024,"1,628.00"
4/8/2024,"1,594.00"
4/9/2024,"1,570.00"
4/10/2024,"1,587.00"
4/11/2024,"1,690.00"
4/12/2024,"1,729.00"
4/15/2024,"1,730.00"
4/16/2024,"1,779.00"
4/17/2024,"1,844.00"
4/18/2024,"1,901.00"
4/19/2024,"1,919.00"
4/22/2024,"1,882.00"
4/23/2024,"1,804.00"
4/24/2024,"1,774.00"
4/25/2024,"1,743.00"
4/26/2024,"1,721.00"
4/29/2024,"1,684.00"
4/30/2024,"1,685.00"
5/1/2024,"1,688.00"
5/2/2024,"1,774.00"
5/3/2024,"1,876.00"
5/7/2024,"2,083.00"
5/8/2024,"2,203.00"
5/9/2024,"2,166.00"
5/10/2024,"2,129.00"
5/13/2024,"2,066.00"
5/14/2024,"1,993.00"
5/15/2024,"1,889.00"
5/16/2024,"1,817.00"
5/17/2024,"1,844.00"
5/20/2024,"1,847.00"
5/21/2024,"1,829.00"
5/22/2024,"1,804.00"
5/23/2024,"1,796.00"
5/24/2024,"1,797.00"
5/28/2024,"1,784.00"
5/29/2024,"1,790.00"
5/30/2024,"1,801.00"
5/31/2024,"1,815.00"
6/3/2024,"1,808.00"
6/4/2024,"1,813.00"
6/5/2024,"1,852.00"
6/6/2024,"1,869.00"
6/7/2024,"1,881.00"
6/10/2024,"1,883.00"
6/11/2024,"1,831.00"
6/12/2024,"1,836.00"
6/13/2024,"1,942.00"
6/14/2024,"1,948.00"
6/17/2024,"1,948.00"
6/18/2024,"1,961.00"
6/19/2024,"1,943.00"
6/20/2024,"1,984.00"
6/21/2024,"1,997.00"
6/24/2024,"1,973.00"
6/25/2024,"1,926.00"
6/26/2024,"1,964.00"
6/27/2024,"2,031.00"
6/28/2024,"2,050.00"
7/1/2024,"2,158.00"
7/2/2024,"2,179.00"
7/3/2024,"2,064.00"
7/4/2024,"2,021.00"
7/5/2024,"1,966.00"
7/8/2024,"1,940.00"
7/9/2024,"1,894.00"
7/10/2024,"1,939.00"
7/11/2024,"1,947.00"
7/12/2024,"1,997.00"
7/15/2024,"1,993.00"
7/16/2024,"1,942.00"
7/17/2024,"1,890.00"
7/18/2024,"1,912.00"
7/19/2024,"1,902.00"
7/22/2024,"1,896.00"
7/23/2024,"1,869.00"
7/24/2024,"1,864.00"
7/25/2024,"1,834.00"
7/26/2024,"1,808.00"
7/29/2024,"1,797.00"
7/30/2024,"1,762.00"
7/31/2024,"1,708.00"
8/1/2024,"1,668.00"
8/2/2024,"1,675.00"
8/5/2024,"1,677.00"
8/6/2024,"1,685.00"
8/7/2024,"1,698.00"
8/8/2024,"1,683.00"
8/9/2024,"1,670.00"
8/12/2024,"1,655.00"
8/13/2024,"1,670.00"
8/14/2024,"1,728.00"
8/15/2024,"1,692.00"
8/16/2024,"1,691.00"
8/19/2024,"1,708.00"
8/20/2024,"1,735.00"
8/21/2024,"1,759.00"
8/22/2024,"1,768.00"
8/23/2024,"1,762.00"
8/27/2024,"1,721.00"
8/28/2024,"1,755.00"
8/29/2024,"1,827.00"
8/30/2024,"1,814.00"
9/2/2024,"1,919.00"
9/3/2024,"1,947.00"
9/4/2024,"1,902.00"
9/5/2024,"1,919.00"
9/6/2024,"1,941.00"
9/9/2024,"1,958.00"
9/10/2024,"1,941.00"
9/11/2024,"1,963.00"
9/12/2024,"1,927.00"
9/13/2024,"1,890.00"
9/16/2024,"1,896.00"
9/17/2024,"1,901.00"
9/18/2024,"1,890.00"
9/19/2024,"1,976.00"
9/20/2024,"1,977.00"
9/23/2024,"1,999.00"
9/24/2024,"2,014.00"
9/25/2024,"2,016.00"
9/26/2024,"2,091.00"
9/27/2024,"2,110.00"
9/30/2024,"2,084.00"
10/1/2024,"2,030.00"
10/2/2024,"1,978.00"
10/3/2024,"1,941.00"
10/4/2024,"1,928.00"
10/7/2024,"1,907.00"
10/8/2024,"1,860.00"
10/9/2024,"1,799.00"
10/10/2024,"1,790.00"
10/11/2024,"1,809.00"
10/14/2024,"1,814.00"
10/15/2024,"1,766.00"
10/16/2024,"1,676.00"
10/17/2024,"1,594.00"
10/18/2024,"1,576.00"
10/21/2024,"1,546.00"
10/22/2024,"1,480.00"
10/23/2024,"1,445.00"
10/24/2024,"1,417.00"
10/25/2024,"1,410.00"
10/28/2024,"1,382.00"
10/29/2024,"1,402.00"
10/30/2024,"1,395.00"
10/31/2024,"1,388.00"
11/1/2024,"1,378.00"
11/4/2024,"1,374.00"
11/5/2024,"1,405.00"
11/6/2024,"1,427.00"
11/7/2024,"1,451.00"
11/8/2024,"1,495.00"
11/11/2024,"1,558.00"
11/12/2024,"1,634.00"
11/13/2024,"1,630.00"
11/14/2024,"1,692.00"
11/15/2024,"1,785.00"
11/18/2024,"1,756.00"
11/19/2024,"1,627.00"
11/20/2024,"1,616.00"
11/21/2024,"1,576.00"
11/22/2024,"1,537.00"
11/25/2024,"1,529.00"
11/26/2024,"1,581.00"
11/27/2024,"1,509.00"
11/28/2024,"1,419.00"
11/29/2024,"1,354.00"
12/2/2024,"1,298.00"
12/3/2024,"1,237.00"
12/4/2024,"1,180.00"
12/5/2024,"1,160.00"
12/6/2024,"1,167.00"
12/9/2024,"1,168.00"
12/10/2024,"1,156.00"
12/11/2024,"1,106.00"
12/12/2024,"1,055.00"
12/13/2024,"1,051.00"
12/16/2024,"1,071.00"
12/17/2024,"1,053.00"
12/18/2024,"1,028.00"
12/19/2024,976
12/20/2024,990
12/23/2024,994
12/24/2024,997
1/2/2025,"1,029.00"
1/3/2025,"1,072.00"
1/6/2025,"1,043.00"
1/7/2025,"1,015.00"
1/8/2025,966
1/9/2025,969
1/10/2025,"1,048.00"
1/13/2025,"1,093.00"
1/14/2025,"1,080.00"
1/15/2025,"1,063.00"
1/16/2025,"1,023.00"
1/17/2025,987
1/20/2025,957
1/21/2025,928
1/22/2025,893
1/23/2025,824
1/24/2025,778
1/27/2025,761
1/28/2025,746
1/29/2025,726
1/30/2025,715
1/31/2025,735
2/3/2025,738
2/4/2025,753
2/5/2025,771
2/6/2025,793
2/7/2025,815
2/10/2025,809
2/11/2025,801
2/12/2025,776
2/13/2025,780
2/14/2025,792
2/17/2025,806
2/18/2025,841
2/19/2025,904
2/20/2025,941
2/21/2025,981
2/24/2025,"1,002.00"
2/25/2025,"1,039.00"
2/26/2025,"1,112.00"
2/27/2025,"1,159.00"
2/28/2025,"1,229.00"
3/3/2025,"1,276.00"
3/4/2025,"1,262.00"
3/5/2025,"1,228.00"
3/6/2025,"1,286.00"
3/7/2025,"1,400.00"
3/10/2025,"1,424.00"
3/11/2025,"1,436.00"
3/12/2025,"1,559.00"
3/13/2025,"1,650.00"
3/14/2025,"1,669.00"
3/17/2025,"1,658.00"
3/18/2025,"1,650.00"
3/19/2025,"1,637.00"
3/20/2025,"1,635.00"
3/21/2025,"1,643.00"
3/24/2025,"1,652.00"
3/25/2025,"1,642.00"
3/26/2025,"1,634.00"
3/27/2025,"1,621.00"
3/28/2025,"1,602.00"
3/31/2025,"1,598.00"
4/1/2025,"1,587.00"
4/2/2025,"1,583.00"
4/3/2025,"1,540.00"
4/4/2025,"1,489.00"
4/7/2025,"1,401.00"
4/8/2025,"1,342.00"
4/9/2025,"1,259.00"
4/10/2025,"1,269.00"
4/11/2025,"1,274.00"
4/14/2025,"1,282.00"
4/15/2025,"1,263.00"
4/16/2025,"1,241.00"
4/17/2025,"1,261.00"
4/22/2025,"1,261.00"
4/23/2025,"1,300.00"
4/24/2025,"1,353.00"
4/25/2025,"1,373.00"
4/28/2025,"1,403.00"
4/29/2025,"1,398.00"
4/30/2025,"1,386.00"
5/1/2025,"1,411.00"
5/2/2025,"1,421.00"
5/6/2025,"1,406.00"
5/7/2025,"1,374.00"
5/8/2025,"1,316.00"
5/9/2025,"1,299.00"
5/12/2025,"1,304.00"
5/13/2025,"1,280.00"
5/14/2025,"1,267.00"
5/15/2025,"1,305.00"
5/16/2025,"1,388.00"
5/19/2025,"1,347.00"
5/20/2025,"1,340.00"
5/21/2025,"1,337.00"
5/22/2025,"1,341.00"
5/23/2025,"1,340.00"
5/27/2025,"1,296.00"
5/28/2025,"1,303.00"
5/29/2025,"1,353.00"
5/30/2025,"1,418.00"
6/2/2025,"1,422.00"
6/3/2025,"1,430.00"
6/4/2025,"1,489.00"
6/5/2025,"1,626.00"
6/6/2025,"1,633.00"
6/9/2025,"1,691.00"
6/10/2025,"1,680.00"
6/11/2025,"1,738.00"
6/12/2025,"1,904.00"
6/13/2025,"1,968.00"
6/16/2025,"1,975.00"
6/17/2025,"1,952.00"
6/18/2025,"1,874.00"
6/19/2025,"1,751.00"
6/20/2025,"1,689.00"
6/23/2025,"1,674.00"
6/24/2025,"1,681.00"
6/25/2025,"1,665.00"
6/26/2025,"1,553.00"
6/27/2025,"1,521.00"
6/30/2025,"1,489.00"
7/1/2025,"1,458.00"
7/2/2025,"1,443.00"
7/3/2025,"1,434.00"
7/4/2025,"1,436.00"
7/7/2025,"1,436.00"
7/8/2025,"1,431.00"
7/9/2025,"1,423.00"
7/10/2025,"1,465.00"
7/11/2025,"1,663.00"
7/14/2025,"1,783.00"
7/15/2025,"1,866.00"
7/16/2025,"1,906.00"
7/17/2025,"2,030.00"
7/18/2025,"2,052.00"
7/21/2025,"2,016.00"
7/22/2025,"2,035.00"
7/23/2025,"2,120.00"
7/24/2025,"2,258.00"
7/25/2025,"2,257.00"
7/28/2025,"2,226.00"
7/29/2025,"2,109.00"
7/30/2025,"1,995.00"
7/31/2025,"2,003.00"
8/1/2025,"2,018.00"
8/4/2025,"1,970.00"
8/5/2025,"1,921.00"
8/6/2025,"1,994.00"
8/7/2025,"2,008.00"
8/8/2025,"2,051.00"
8/11/2025,"2,038.00"
8/12/2025,"2,017.00"
8/13/2025,"2,025.00"
8/14/2025,"2,039.00"
8/15/2025,"2,044.00"
8/18/2025,"2,022.00"
8/19/2025,"1,964.00"
8/20/2025,"1,927.00"
8/21/2025,"1,893.00"
8/22/2025,"1,944.00"
8/26/2025,"2,041.00"
8/27/2025,"2,046.00"
8/28/2025,"2,017.00"
8/29/2025,"2,025.00"
9/1/2025,"2,024.00"
9/2/2025,"1,986.00"
9/3/2025,"1,940.00"
9/4/2025,"1,963.00"
9/5/2025,"1,979.00"
9/8/2025,"2,019.00"
9/9/2025,"2,079.00"
9/10/2025,"2,112.00"
9/11/2025,"2,111.00"
9/12/2025,"2,126.00"
9/15/2025,"2,153.00"
9/16/2025,"2,154.00"
9/17/2025,"2,180.00"
9/18/2025,"2,205.00"
9/19/2025,"2,203.00"
9/22/2025,"2,172.00"
9/23/2025,"2,200.00"
9/24/2025,"2,240.00"
9/25/2025,"2,266.00"
9/26/2025,"2,259.00"
9/29/2025,"2,220.00"
9/30/2025,"2,134.00"
10/1/2025,"1,980.00"
10/2/2025,"1,909.00"
10/3/2025,"1,901.00"
10/6/2025,"1,932.00"
10/7/2025,"1,947.00"
10/8/2025,"1,963.00"
10/9/2025,"1,923.00"
10/10/2025,"1,936.00"
10/13/2025,"2,144.00"
10/14/2025,"2,022.00"
10/15/2025,"1,997.00"
10/16/2025,"2,046.00"
10/17/2025,"2,069.00"
10/20/2025,"2,071.00"
10/21/2025,"2,094.00"
10/23/2025,"2,057.00"
10/24/2025,"1,991.00"
10/27/2025,"1,976.00"
10/28/2025,"1,950.00"
10/29/2025,"1,961.00"
10/30/2025,"1,983.00"
10/31/2025,"1,966.00"
11/3/2025,"1,945.00"
11/4/2025,"1,958.00"
11/5/2025,"2,003.00"
11/6/2025,"2,063.00"
11/7/2025,"2,104.00"
11/10/2025,"2,084.00"
11/11/2025,"2,072.00"
11/12/2025,"2,030.00"
11/13/2025,"2,077.00"
11/14/2025,"2,125.00"
11/17/2025,"2,153.00"
11/18/2025,"2,216.00"
11/19/2025,"2,260.00"
11/20/2025,"2,270.00"
11/21/2025,"2,275.00"
11/24/2025,"2,295.00"
11/25/2025,"2,309.00"
11/26/2025,"2,401.00"
11/27/2025,"2,480.00"
11/28/2025,"2,560.00"
