Date,covestro
,
1/2/2020,36.8337326
1/3/2020,36.58922195
1/6/2020,34.83398819
1/7/2020,35.04356766
1/8/2020,35.65484619
1/9/2020,35.95174789
1/10/2020,35.48892593
1/13/2020,35.55005264
1/14/2020,35.36667252
1/15/2020,35.03483582
1/16/2020,35.44526291
1/17/2020,35.7159729
1/20/2020,35.65484619
1/21/2020,35.96921158
1/22/2020,35.36667252
1/23/2020,34.79906082
1/24/2020,34.7204628
1/27/2020,33.81228638
1/28/2020,34.3449707
1/29/2020,34.46722031
1/30/2020,34.0917244
1/31/2020,33.31453323
2/3/2020,32.93903351
2/4/2020,33.60270309
2/5/2020,33.80355072
2/6/2020,33.72496033
2/7/2020,33.31453323
2/10/2020,33.13988113
2/11/2020,33.89960861
2/12/2020,34.29257584
2/13/2020,34.00439835
2/14/2020,34.14411926
2/17/2020,34.47595215
2/18/2020,34.44976044
2/19/2020,35.46273422
2/20/2020,35.96048355
2/21/2020,34.8951149
2/24/2020,33.76862335
2/25/2020,33.54157639
2/26/2020,33.13988113
2/27/2020,31.57676315
2/28/2020,30.118433
3/2/2020,29.67307281
3/3/2020,29.83899117
3/4/2020,30.61618996
3/5/2020,29.78659439
3/6/2020,28.66010284
3/9/2020,25.35921288
3/10/2020,25.4989357
3/11/2020,25.9704895
3/12/2020,22.46002007
3/13/2020,23.36820221
3/16/2020,21.74395561
3/17/2020,22.41635895
3/18/2020,22.09325218
3/19/2020,22.49494934
3/20/2020,22.99270439
3/23/2020,22.93157578
3/24/2020,24.57328796
3/25/2020,25.43780518
3/26/2020,25.84823418
3/27/2020,23.75243378
3/30/2020,23.90088463
3/31/2020,24.33750916
4/1/2020,23.47299194
4/2/2020,23.59524727
4/3/2020,23.45552635
4/6/2020,24.3637085
4/7/2020,25.41160965
4/8/2020,25.4203434
4/9/2020,26.1276741
4/14/2020,26.52063751
4/15/2020,25.41160965
4/16/2020,25.64738655
4/17/2020,27.13191223
4/20/2020,26.89613533
4/21/2020,25.60372543
4/22/2020,26.25866127
4/23/2020,26.47697639
4/24/2020,26.01415253
4/27/2020,26.34598923
4/28/2020,26.64289284
4/29/2020,27.77811813
4/30/2020,26.7913475
5/4/2020,26.1276741
5/5/2020,26.77388
5/6/2020,26.49444008
5/7/2020,26.76514816
5/8/2020,27.06205368
5/11/2020,26.33725357
5/12/2020,26.00542068
5/13/2020,25.06231117
5/14/2020,24.96625137
5/15/2020,25.30681801
5/18/2020,26.62542725
5/19/2020,26.8874054
5/20/2020,27.57727242
5/21/2020,27.07951927
5/22/2020,27.23670387
5/25/2020,27.32402992
5/26/2020,28.71250153
5/27/2020,30.49393082
5/28/2020,30.57252312
5/29/2020,29.07053185
6/2/2020,30.65111542
6/3/2020,31.97845459
6/4/2020,31.83873749
6/5/2020,32.69452286
6/8/2020,32.46747971
6/9/2020,30.9218235
6/10/2020,30.2756176
6/11/2020,28.71250153
6/12/2020,28.5727787
6/15/2020,28.44178963
6/16/2020,29.02686882
6/17/2020,28.77362633
6/18/2020,29.23644638
6/19/2020,29.6468792
6/22/2020,29.19278526
6/23/2020,30.18829346
6/24/2020,29.0443325
6/25/2020,29.38490486
6/26/2020,29.10546112
6/29/2020,29.96998024
6/30/2020,29.55955315
7/1/2020,29.4722271
7/2/2020,29.99617577
7/3/2020,29.63814354
7/6/2020,30.46773338
7/7/2020,30.58125877
7/8/2020,30.05730247
7/9/2020,30.50266266
7/10/2020,30.72970772
7/13/2020,31.24492455
7/14/2020,31.21872711
7/15/2020,32.371418
7/16/2020,32.06578445
7/17/2020,32.08325195
7/20/2020,32.25789642
7/21/2020,32.66832352
7/22/2020,32.43254852
7/23/2020,32.04831696
7/24/2020,31.46324158
7/27/2020,32.02211761
7/28/2020,31.52436447
7/29/2020,31.05281067
7/30/2020,30.118433
7/31/2020,29.72940063
8/3/2020,30.48937035
8/4/2020,29.87415695
8/5/2020,30.96887779
8/6/2020,32.10883713
8/7/2020,31.94598389
8/10/2020,32.26263809
8/11/2020,33.67401886
8/12/2020,33.97257614
8/13/2020,33.83686829
8/14/2020,33.83686829
8/17/2020,34.47922516
8/18/2020,35.40205002
8/19/2020,35.86346054
8/20/2020,35.37490463
8/21/2020,36.06250381
8/24/2020,37.22055435
8/25/2020,36.71390533
8/26/2020,36.91294861
8/27/2020,36.29772949
8/28/2020,36.04440689
8/31/2020,36.06250381
9/1/2020,36.07154846
9/2/2020,37.39245605
9/3/2020,38.206707
9/4/2020,39.17476654
9/7/2020,39.49142456
9/8/2020,39.49142456
9/9/2020,39.34666824
9/10/2020,38.45098877
9/11/2020,38.88525391
9/14/2020,39.53666306
9/15/2020,39.97998047
9/16/2020,40.16997147
9/17/2020,40.350914
9/18/2020,42.36846542
9/21/2020,39.55475998
9/22/2020,40.02521515
9/23/2020,39.58189774
9/24/2020,39.5457077
9/25/2020,40.0161705
9/28/2020,40.73994827
9/29/2020,41.28279114
9/30/2020,38.31527328
10/1/2020,38.40575027
10/2/2020,39.25619507
10/5/2020,39.51856995
10/6/2020,39.50951767
10/7/2020,40.65852737
10/8/2020,40.91184998
10/9/2020,40.51377106
10/12/2020,40.47758102
10/13/2020,40.03426361
10/14/2020,40.17901993
10/15/2020,39.58189774
10/16/2020,40.20615768
10/19/2020,39.88045883
10/20/2020,39.12953568
10/21/2020,39.31952667
10/22/2020,39.44618988
10/23/2020,39.78998566
10/26/2020,38.68621445
10/27/2020,38.68621445
10/28/2020,36.35201645
10/29/2020,36.83152008
10/30/2020,37.06674957
11/2/2020,37.71815491
11/3/2020,38.19766617
11/4/2020,38.30623245
11/5/2020,38.41479874
11/6/2020,38.04385757
11/9/2020,40.00712204
11/10/2020,40.59519196
11/11/2020,40.54091263
11/12/2020,39.85331726
11/13/2020,39.75379562
11/16/2020,41.88895798
11/17/2020,41.61753845
11/18/2020,41.97943115
11/19/2020,41.78943634
11/20/2020,41.41849518
11/23/2020,41.82562637
11/24/2020,42.63988495
11/25/2020,42.49512863
11/26/2020,41.96133804
11/27/2020,42.92939758
11/30/2020,42.29608536
12/1/2020,43.08319855
12/2/2020,42.52226639
12/3/2020,41.49087524
12/4/2020,41.47278214
12/7/2020,42.68511963
12/8/2020,42.93844223
12/9/2020,45.07360077
12/10/2020,45.10074615
12/11/2020,44.31363297
12/14/2020,45.72500992
12/15/2020,46.35831833
12/16/2020,45.52597046
12/17/2020,45.77929306
12/18/2020,45.96023941
12/21/2020,44.9017067
12/22/2020,45.1550293
12/23/2020,45.56216049
12/28/2020,45.61643982
12/29/2020,45.88786316
12/30/2020,45.67072678
1/4/2021,46.77449799
1/5/2021,46.39450455
1/6/2021,47.67922211
1/7/2021,49.03631592
1/8/2021,49.01822281
1/11/2021,48.62014389
1/12/2021,49.81438446
1/13/2021,49.76010132
1/14/2021,49.81438446
1/15/2021,48.71061325
1/18/2021,49.79629135
1/19/2021,49.66962814
1/20/2021,51.37051773
1/21/2021,51.09909821
1/22/2021,50.44769287
1/25/2021,50.08580399
1/26/2021,51.29814148
1/27/2021,49.57915497
1/28/2021,50.21246338
1/29/2021,50.80958557
2/1/2021,52.40190887
2/2/2021,52.63713837
2/3/2021,53.28854752
2/4/2021,53.37901688
2/5/2021,52.83617783
2/8/2021,53.70471954
2/9/2021,52.83617783
2/10/2021,53.25235748
2/11/2021,53.30663681
2/12/2021,52.99903107
2/15/2021,53.48758316
2/16/2021,53.63233948
2/17/2021,53.34282684
2/18/2021,52.45619202
2/19/2021,53.07141113
2/22/2021,54.37421799
2/23/2021,54.39231491
2/24/2021,55.13418961
2/25/2021,55.93035126
2/26/2021,54.24755859
3/1/2021,55.56846237
3/2/2021,56.52747345
3/3/2021,56.3465271
3/4/2021,55.27894592
3/5/2021,55.42370605
3/8/2021,55.20656967
3/9/2021,54.17517853
3/10/2021,53.92185211
3/11/2021,54.46469498
3/12/2021,53.50568008
3/15/2021,51.82288361
3/16/2021,51.53336716
3/17/2021,52.18477631
3/18/2021,53.10760117
3/19/2021,50.14008331
3/22/2021,49.03631592
3/23/2021,48.58395386
3/24/2021,48.96393585
3/25/2021,48.98203278
3/26/2021,50.99053192
3/29/2021,51.06290817
3/30/2021,52.65523148
3/31/2021,51.87716675
4/1/2021,51.84097672
4/6/2021,52.70951462
4/7/2021,51.67812729
4/8/2021,50.44769287
4/9/2021,50.55626297
4/12/2021,51.04481506
4/13/2021,52.04001999
4/14/2021,52.38381577
4/15/2021,51.35242081
4/16/2021,52.926651
4/19/2021,51.61273575
4/20/2021,50.7244606
4/21/2021,51.59423065
4/22/2021,50.48388672
4/23/2021,51.02055359
4/26/2021,52.09389114
4/27/2021,51.61273575
4/28/2021,51.55722427
4/29/2021,50.85400009
4/30/2021,50.3543396
5/3/2021,51.68676376
5/4/2021,50.87250519
5/5/2021,53.66688538
5/6/2021,54.40711594
5/7/2021,53.68539047
5/10/2021,54.27757645
5/11/2021,53.259758
5/12/2021,53.2412529
5/13/2021,53.14871979
5/14/2021,52.14940643
5/17/2021,51.70526886
5/18/2021,52.13090134
5/19/2021,51.20561218
5/20/2021,52.35297394
5/21/2021,51.68676376
5/25/2021,51.79779816
5/26/2021,51.55722427
5/27/2021,52.64906693
5/28/2021,53.0191803
5/31/2021,53.0191803
6/1/2021,53.92596436
6/2/2021,53.1857338
6/3/2021,53.50033188
6/4/2021,53.81492996
6/7/2021,53.64838028
6/8/2021,52.31595993
6/9/2021,50.5949173
6/10/2021,50.18779373
6/11/2021,50.6689415
6/14/2021,49.61410904
6/15/2021,49.37353516
6/16/2021,49.74364853
6/17/2021,49.70663834
6/18/2021,47.9115715
6/21/2021,49.20698166
6/22/2021,51.46469116
6/23/2021,50.37284851
6/24/2021,50.50239182
6/25/2021,50.07675552
6/28/2021,50.46537781
6/29/2021,50.83549118
6/30/2021,50.39135361
7/1/2021,51.33515167
7/2/2021,51.22411728
7/5/2021,51.24262238
7/6/2021,49.68813324
7/7/2021,50.5764122
7/8/2021,50.15077972
7/9/2021,51.94584274
7/12/2021,52.26044083
7/13/2021,52.61205292
7/14/2021,53.11171341
7/15/2021,52.94515991
7/16/2021,52.20492172
7/19/2021,50.00273132
7/20/2021,50.85400009
7/21/2021,51.79779816
7/22/2021,51.39067078
7/23/2021,52.00136185
7/26/2021,52.29745483
7/27/2021,51.72377396
7/28/2021,50.85400009
7/29/2021,50.42836761
7/30/2021,50.20629501
8/2/2021,50.29882431
8/3/2021,50.5579071
8/4/2021,50.5949173
8/5/2021,50.29882431
8/6/2021,50.05824661
8/9/2021,50.6504364
8/10/2021,51.61273575
8/11/2021,51.27963257
8/12/2021,51.76078415
8/13/2021,51.96434784
8/16/2021,51.33515167
8/17/2021,50.81698608
8/18/2021,51.11308289
8/19/2021,49.42905045
8/20/2021,48.85536957
8/23/2021,49.13295746
8/24/2021,50.48388672
8/25/2021,50.81698608
8/26/2021,50.92802429
8/27/2021,51.35365677
8/30/2021,52.44549942
8/31/2021,50.7984848
9/1/2021,51.05756378
9/2/2021,52.74159241
9/3/2021,53.0006752
9/6/2021,53.62987137
9/7/2021,53.59286118
9/8/2021,53.98148346
9/9/2021,54.29608154
9/10/2021,54.35160065
9/13/2021,54.70320892
9/14/2021,54.49964905
9/15/2021,53.22274399
9/16/2021,53.83343887
9/17/2021,52.76010132
9/20/2021,50.7429657
9/21/2021,50.4098587
9/22/2021,51.20561218
9/23/2021,51.55722427
9/24/2021,52.13090134
9/27/2021,52.70458221
9/28/2021,53.50033188
9/29/2021,54.74022293
9/30/2021,54.90677643
10/1/2021,53.66688538
10/4/2021,53.59286118
10/5/2021,53.05619431
10/6/2021,51.26113129
10/7/2021,52.63056183
10/8/2021,53.20423889
10/11/2021,54.29608154
10/12/2021,54.33309555
10/13/2021,54.38861084
10/14/2021,54.01849747
10/15/2021,53.92596436
10/18/2021,52.14940643
10/19/2021,51.94584274
10/20/2021,51.27963257
10/21/2021,50.89101028
10/22/2021,51.24262238
10/25/2021,51.85331345
10/26/2021,52.13090134
10/27/2021,52.33446884
10/28/2021,51.40917587
10/29/2021,51.26113129
11/1/2021,51.57572937
11/2/2021,50.61342621
11/3/2021,50.87250519
11/4/2021,50.15077972
11/5/2021,50.42836761
11/8/2021,50.53939819
11/9/2021,51.15009308
11/10/2021,50.9095192
11/11/2021,51.33515167
11/12/2021,52.09389114
11/15/2021,51.83480835
11/16/2021,51.77928925
11/17/2021,51.89032745
11/18/2021,53.33377838
11/19/2021,52.09389114
11/22/2021,52.40848923
11/23/2021,52.37147522
11/24/2021,51.07606888
11/25/2021,50.81698608
11/26/2021,47.39341354
11/29/2021,46.89375305
11/30/2021,46.11650848
12/1/2021,47.83755112
12/2/2021,47.50444794
12/3/2021,46.91226196
12/6/2021,47.31938553
12/7/2021,47.31938553
12/8/2021,48.4667511
12/9/2021,48.1336441
12/10/2021,48.2261734
12/13/2021,47.63398743
12/14/2021,47.61547852
12/15/2021,47.28237534
12/16/2021,48.09663391
12/17/2021,48.078125
12/20/2021,47.24536514
12/21/2021,47.76352692
12/22/2021,47.93008041
12/23/2021,48.72583008
12/27/2021,49.24399567
12/28/2021,49.79916763
12/29/2021,49.79916763
12/30/2021,50.15077972
1/3/2022,50.9095192
1/4/2022,51.77928925
1/5/2022,52.88964081
1/6/2022,52.61205292
1/7/2022,53.1857338
1/10/2022,52.05687714
1/11/2022,51.96434784
1/12/2022,51.44618607
1/13/2022,51.70526886
1/14/2022,51.48319626
1/17/2022,50.98353958
1/18/2022,49.92870712
1/19/2022,49.96572113
1/20/2022,49.04042816
1/21/2022,48.89238358
1/24/2022,47.43041992
1/25/2022,47.11582184
1/26/2022,49.63261414
1/27/2022,50.6504364
1/28/2022,49.74364853
1/31/2022,48.91088867
2/1/2022,49.48456955
2/2/2022,50.48388672
2/3/2022,49.78066254
2/4/2022,48.67031097
2/7/2022,48.85536957
2/8/2022,49.94721603
2/9/2022,50.09526062
2/10/2022,50.4098587
2/11/2022,50.22480011
2/14/2022,48.78134918
2/15/2022,50.42836761
2/16/2022,50.5949173
2/17/2022,50.05824661
2/18/2022,48.85536957
2/21/2022,47.89306641
2/22/2022,47.15283585
2/23/2022,47.37490463
2/24/2022,43.82178879
2/25/2022,44.4972496
2/28/2022,43.68299484
3/1/2022,42.68368149
3/2/2022,42.77620697
3/3/2022,41.45304108
3/4/2022,39.27861023
3/7/2022,38.13124466
3/8/2022,38.82521439
3/9/2022,42.26729965
3/10/2022,41.90643692
3/11/2022,42.20252991
3/14/2022,43.3036232
3/15/2022,42.554142
3/16/2022,43.91431427
3/17/2022,43.86805344
3/18/2022,43.86805344
3/21/2022,44.11788177
3/22/2022,44.41397476
3/23/2022,44.06236267
3/24/2022,43.93282318
3/25/2022,42.76695633
3/28/2022,43.49793243
3/29/2022,45.08018494
3/30/2022,43.42391205
3/31/2022,42.41534424
4/1/2022,42.24879074
4/4/2022,42.65591812
4/5/2022,42.13776016
4/6/2022,40.83309937
4/7/2022,40.33343887
4/8/2022,40.69430161
4/11/2022,40.12987518
4/12/2022,40.36119843
4/13/2022,39.73199844
4/14/2022,40.29642868
4/19/2022,41.41603088
4/20/2022,42.1099968
4/21/2022,42.1099968
4/22/2022,45.50999832
4/25/2022,41.11000061
4/26/2022,41.11000061
4/27/2022,41.11000061
4/28/2022,41.22000122
4/29/2022,41.29000092
5/2/2022,41.29000092
5/3/2022,39.40000153
5/4/2022,40.20000076
5/5/2022,38.75
5/6/2022,38.75
5/9/2022,38.75
5/10/2022,38.43000031
5/11/2022,38.43000031
5/12/2022,38.99000168
5/13/2022,38.99000168
5/16/2022,39.56000137
5/17/2022,40.72000122
5/18/2022,40.04999924
5/19/2022,40.04999924
5/20/2022,39.99000168
5/23/2022,40.93999863
5/24/2022,40.24000168
5/25/2022,40.24000168
5/26/2022,41.88999939
5/27/2022,41.88999939
5/30/2022,41.88999939
5/31/2022,42.5
6/1/2022,43.08000183
6/2/2022,43.08000183
6/3/2022,43.08000183
6/6/2022,44.06000137
6/7/2022,43.40000153
6/8/2022,43.81000137
6/9/2022,43.36000061
6/10/2022,41.56000137
6/13/2022,40.77000046
6/14/2022,39.59999847
6/15/2022,39.59000015
6/16/2022,36.15000153
6/17/2022,35.72999954
6/20/2022,35.58000183
6/21/2022,36.11999893
6/22/2022,34.13999939
6/23/2022,33.11000061
6/24/2022,34.47999954
6/27/2022,34.25999832
6/28/2022,34.38000107
6/29/2022,32.97999954
6/30/2022,32.97999954
7/1/2022,32.52999878
7/4/2022,32.45999908
7/5/2022,30.79000092
7/6/2022,31
7/7/2022,32.25
7/8/2022,33.43999863
7/11/2022,32
7/12/2022,32
7/13/2022,32.02999878
7/14/2022,31.60000038
7/15/2022,32.18999863
7/18/2022,32.88000107
7/19/2022,34.79000092
7/20/2022,34.66999817
7/21/2022,33.95999908
7/22/2022,33.43999863
7/25/2022,33.15999985
7/26/2022,32.22999954
7/27/2022,32.34000015
7/28/2022,32.63999939
7/29/2022,33.22999954
8/1/2022,33.04999924
8/2/2022,33.50999832
8/3/2022,33.81000137
8/4/2022,33.81000137
8/5/2022,33.13999939
8/8/2022,33.18999863
8/9/2022,32.40999985
8/10/2022,32.97999954
8/11/2022,31.81999969
8/12/2022,32.56999969
8/15/2022,32.27999878
8/16/2022,32.97999954
8/17/2022,31.22999954
8/18/2022,31.85000038
8/19/2022,31.47999954
8/22/2022,29.32999992
8/23/2022,29.97999954
8/24/2022,29.85000038
8/25/2022,29.93000031
8/26/2022,29.37999916
8/29/2022,30.23999977
8/30/2022,30.21999931
8/31/2022,30.12000084
9/1/2022,29.57999992
9/2/2022,31.01000023
9/5/2022,29.81999969
9/6/2022,30.07999992
9/7/2022,30.78000069
9/8/2022,30.84000015
9/9/2022,31.72999954
9/12/2022,32.33000183
9/13/2022,31.47999954
9/14/2022,30.29000092
9/15/2022,29.71999931
9/16/2022,29.12999916
9/19/2022,30.12000084
9/20/2022,29.81999969
9/21/2022,30.01000023
9/22/2022,29.81999969
9/23/2022,29
9/26/2022,29.26000023
9/27/2022,29.17000008
9/28/2022,29.20999908
9/29/2022,28.85000038
9/30/2022,29.54000092
10/3/2022,30.51000023
10/4/2022,32
10/5/2022,31.53000069
10/6/2022,31.31999969
10/7/2022,30.73999977
10/10/2022,33.27000046
10/11/2022,32.09999847
10/12/2022,32.59999847
10/13/2022,33.63000107
10/14/2022,33.56000137
10/17/2022,33.88999939
10/18/2022,34.61999893
10/19/2022,35.25
10/20/2022,36.00999832
10/21/2022,35.93999863
10/24/2022,35.70000076
10/25/2022,34.36999893
10/26/2022,35.09000015
10/27/2022,35.18000031
10/28/2022,34.58000183
10/31/2022,34.43999863
11/1/2022,33.93000031
11/2/2022,33.61000061
11/3/2022,32.84999847
11/4/2022,35.33000183
11/7/2022,36.45999908
11/8/2022,36.72999954
11/9/2022,35.36000061
11/10/2022,35.63000107
11/11/2022,37.40000153
11/14/2022,37.40000153
11/15/2022,36.72000122
11/16/2022,35.59000015
11/17/2022,35.43000031
11/18/2022,36.29000092
11/21/2022,35.02000046
11/22/2022,36.61000061
11/23/2022,36.81999969
11/24/2022,38.11999893
11/25/2022,37.41999817
11/28/2022,37.02999878
11/29/2022,38.22999954
11/30/2022,38.16999817
12/1/2022,37.16999817
12/2/2022,37.72000122
12/5/2022,36.97000122
12/6/2022,36.93000031
12/7/2022,36.31999969
12/8/2022,36.04000092
12/9/2022,36.66999817
12/12/2022,36.50999832
12/13/2022,37.47000122
12/14/2022,37
12/15/2022,35.79999924
12/16/2022,35.65999985
12/19/2022,36.11000061
12/20/2022,36.04000092
12/21/2022,36.52000046
12/22/2022,36.52999878
12/23/2022,36.33000183
12/27/2022,36.77999878
12/28/2022,36.93999863
12/29/2022,36.88000107
12/30/2022,36.54999924
1/2/2023,38.25999832
1/3/2023,39.58000183
1/4/2023,41.47000122
1/5/2023,41.70999908
1/6/2023,42.36999893
1/9/2023,42.84999847
1/10/2023,41.79999924
1/11/2023,41.22999954
1/12/2023,40.49000168
1/13/2023,40.49000168
1/16/2023,41.09000015
1/17/2023,41.06000137
1/18/2023,42.04999924
1/19/2023,40.70999908
1/20/2023,41.74000168
1/23/2023,42.18999863
1/24/2023,42.63999939
1/25/2023,42.15000153
1/26/2023,41.81999969
1/27/2023,41.81999969
1/30/2023,42
1/31/2023,42.11999893
2/1/2023,42.56000137
2/2/2023,43.70000076
2/3/2023,44.06999969
2/6/2023,42.83000183
2/7/2023,42.72000122
2/8/2023,42.52000046
2/9/2023,42.75
2/10/2023,41.70000076
2/13/2023,41.25
2/14/2023,41.63999939
2/15/2023,42.25
2/16/2023,42.54999924
2/17/2023,42.04000092
2/20/2023,42.52000046
2/21/2023,41.74000168
2/22/2023,41.18000031
2/23/2023,41.36999893
2/24/2023,40.31999969
2/27/2023,40.95999908
2/28/2023,41.65000153
3/1/2023,41.45999908
3/2/2023,38.90000153
3/3/2023,40.29000092
3/6/2023,38.97999954
3/7/2023,39.61999893
3/8/2023,39.97000122
3/9/2023,39.70999908
3/10/2023,38.61000061
3/13/2023,36.61999893
3/14/2023,36.65000153
3/15/2023,35.36000061
3/16/2023,36.33000183
3/17/2023,36.84999847
3/20/2023,37.13000107
3/21/2023,37.56000137
3/22/2023,38.31999969
3/23/2023,37.75
3/24/2023,36.38000107
3/27/2023,36.84999847
3/28/2023,36.95000076
3/29/2023,37.56999969
3/30/2023,38.25
3/31/2023,38.13000107
4/3/2023,38.08000183
4/4/2023,37.90999985
4/5/2023,36.47000122
4/6/2023,36.25
4/11/2023,36.77000046
4/12/2023,36.61999893
4/13/2023,35.86000061
4/14/2023,36.77000046
4/17/2023,37.13999939
4/18/2023,37.88000107
4/19/2023,37.79999924
4/20/2023,37.29999924
4/21/2023,37.04000092
4/24/2023,37.13999939
4/25/2023,36.43000031
4/26/2023,37
4/27/2023,36.68999863
4/28/2023,39.79000092
5/2/2023,38.06000137
5/3/2023,38.52000046
5/4/2023,38.13000107
5/5/2023,40.13000107
5/8/2023,40.04000092
5/9/2023,39.97999954
5/10/2023,39.58000183
5/11/2023,39.34000015
5/12/2023,39.34000015
5/15/2023,39.43000031
5/16/2023,39.02999878
5/17/2023,39.81999969
5/18/2023,40.11999893
5/19/2023,39.72000122
5/22/2023,39.61999893
5/23/2023,39.75999832
5/24/2023,38.75
5/25/2023,38.20999908
5/26/2023,38.81999969
5/29/2023,38.54000092
5/30/2023,37.90000153
5/31/2023,36.06000137
6/1/2023,36.34999847
6/2/2023,38.66999817
6/5/2023,38.43999863
6/6/2023,38.66999817
6/7/2023,39.02999878
6/8/2023,39.11999893
6/9/2023,39.04999924
6/12/2023,39.93000031
6/13/2023,41.06000137
6/14/2023,40.81999969
6/15/2023,40.88999939
6/16/2023,41.77000046
6/19/2023,40.31000137
6/20/2023,45.50999832
6/21/2023,47.15000153
6/22/2023,48.34999847
6/23/2023,49
6/26/2023,49.59999847
6/27/2023,49.52000046
6/28/2023,47.90000153
6/29/2023,46.84000015
6/30/2023,47.58000183
7/3/2023,47.95000076
7/4/2023,47.02000046
7/5/2023,47.40000153
7/6/2023,46.49000168
7/7/2023,47.86999893
7/10/2023,47.5
7/11/2023,47.47999954
7/12/2023,48.04999924
7/13/2023,48.15000153
7/14/2023,47.95000076
7/17/2023,47.65000153
7/18/2023,50.29999924
7/19/2023,48.84000015
7/20/2023,49.06000137
7/21/2023,48.97999954
7/24/2023,48.79000092
7/25/2023,49.08000183
7/26/2023,49.74000168
7/27/2023,49.13000107
7/28/2023,49.5
7/31/2023,48.83000183
8/1/2023,48.38999939
8/2/2023,47.47000122
8/3/2023,47.63000107
8/4/2023,47.40000153
8/7/2023,47.45999908
8/8/2023,47.11000061
8/9/2023,46.83000183
8/10/2023,46.79999924
8/11/2023,46.54999924
8/14/2023,48.31999969
8/15/2023,48.15000153
8/16/2023,48.11999893
8/17/2023,48.63999939
8/18/2023,47.90000153
8/21/2023,47.41999817
8/22/2023,47.5
8/23/2023,47.65000153
8/24/2023,49.33000183
8/25/2023,48.27000046
8/28/2023,48.43999863
8/29/2023,48.95000076
8/30/2023,49.29000092
8/31/2023,49.06999969
9/1/2023,48.97999954
9/4/2023,48.88000107
9/5/2023,48.20999908
9/6/2023,48
9/7/2023,47.77000046
9/8/2023,51.5
9/11/2023,53.5
9/12/2023,53
9/13/2023,52.84000015
9/14/2023,52.65999985
9/15/2023,52.81999969
9/18/2023,52.04000092
9/19/2023,51.13999939
9/20/2023,51.90000153
9/21/2023,51.36000061
9/22/2023,51.38000107
9/25/2023,51
9/26/2023,50.61999893
9/27/2023,50.65999985
9/28/2023,51.04000092
9/29/2023,51.06000137
10/2/2023,50.74000168
10/3/2023,50.41999817
10/4/2023,50.08000183
10/5/2023,49
10/6/2023,50.08000183
10/9/2023,49.56999969
10/10/2023,50.38000107
10/11/2023,49.81000137
10/12/2023,49.25
10/13/2023,48.90999985
10/16/2023,47.59999847
10/17/2023,47.86000061
10/18/2023,46.83000183
10/19/2023,47.61999893
10/20/2023,47.88999939
10/23/2023,49.09999847
10/24/2023,49.50999832
10/25/2023,48.75
10/26/2023,48.65999985
10/27/2023,47
10/30/2023,47.16999817
10/31/2023,47.70000076
11/1/2023,47.54999924
11/2/2023,47.45000076
11/3/2023,47.54000092
11/6/2023,46.88999939
11/7/2023,47.22000122
11/8/2023,47.09000015
11/9/2023,47.72999954
11/10/2023,47.18000031
11/13/2023,47.15000153
11/14/2023,48.11999893
11/15/2023,48.59999847
11/16/2023,48.5
11/17/2023,48
11/20/2023,48.36000061
11/21/2023,48.13999939
11/22/2023,47.40000153
11/23/2023,47.65000153
11/24/2023,48.70999908
11/27/2023,48.61999893
11/28/2023,48.90000153
11/29/2023,48.59999847
11/30/2023,48.20000076
12/1/2023,51
12/4/2023,50.31999969
12/5/2023,50.13999939
12/6/2023,51.24000168
12/7/2023,51.27999878
12/8/2023,51.13999939
12/11/2023,50.68000031
12/12/2023,50.18000031
12/13/2023,51.04000092
12/14/2023,52.13999939
12/15/2023,52.25999832
12/18/2023,53
12/19/2023,53.74000168
12/20/2023,53.59999847
12/21/2023,53.20000076
12/22/2023,53.09999847
12/27/2023,53
12/28/2023,52.84000015
12/29/2023,52.68000031
1/2/2024,52.36000061
1/3/2024,52.18000031
1/4/2024,52.77999878
1/5/2024,52.58000183
1/8/2024,51.84000015
1/9/2024,51.29999924
1/10/2024,50.38000107
1/11/2024,49.79000092
1/12/2024,49.22000122
1/15/2024,48.93999863
1/16/2024,48.25999832
1/17/2024,48
1/18/2024,47.93999863
1/19/2024,47.29000092
1/22/2024,47.65999985
1/23/2024,47.5
1/24/2024,47.81999969
1/25/2024,47.84000015
1/26/2024,49.22000122
1/29/2024,49.02000046
1/30/2024,49.20999908
1/31/2024,49.08000183
2/1/2024,47.75
2/2/2024,47
2/5/2024,47.31999969
2/6/2024,48.25
2/7/2024,47.77999878
2/8/2024,47.95000076
2/9/2024,48.20000076
2/12/2024,49.20000076
2/13/2024,48.70000076
2/14/2024,48.75
2/15/2024,48.77999878
2/16/2024,48.16999817
2/19/2024,46.97999954
2/20/2024,47.84999847
2/21/2024,47.56999969
2/22/2024,49.83000183
2/23/2024,50
2/26/2024,50.08000183
2/27/2024,49.95999908
2/28/2024,49.43000031
2/29/2024,50.29999924
3/1/2024,50.41999817
3/4/2024,49.36000061
3/5/2024,48.77000046
3/6/2024,48.33000183
3/7/2024,48.20999908
3/8/2024,49.11000061
3/11/2024,48.15000153
3/12/2024,49.22000122
3/13/2024,48.65999985
3/14/2024,47.97999954
3/15/2024,47.90999985
3/18/2024,48.40000153
3/19/2024,48.93999863
3/20/2024,49.99000168
3/21/2024,49.90999985
3/22/2024,50.58000183
3/25/2024,50.65999985
3/26/2024,49.90999985
3/27/2024,50.24000168
3/28/2024,50.68000031
4/2/2024,50.45999908
4/3/2024,51.34000015
4/4/2024,51.90000153
4/5/2024,51.22000122
4/8/2024,52.43999863
4/9/2024,51.54000092
4/10/2024,51.09999847
4/11/2024,49.88999939
4/12/2024,49.81000137
4/15/2024,50.81999969
4/16/2024,50.95999908
4/17/2024,50.63999939
4/18/2024,49.95000076
4/19/2024,48.5
4/22/2024,48.5
4/23/2024,48.72999954
4/24/2024,48.09000015
4/25/2024,47.75999832
4/26/2024,48.06999969
4/29/2024,47.54999924
4/30/2024,46.97999954
5/2/2024,47.22000122
5/3/2024,47.41999817
5/6/2024,47.54000092
5/7/2024,49.22000122
5/8/2024,48.43000031
5/9/2024,48.77999878
5/10/2024,48.20999908
5/13/2024,48.90000153
5/14/2024,48.74000168
5/15/2024,48.49000168
5/16/2024,47.88999939
5/17/2024,48.36000061
5/20/2024,49.40000153
5/21/2024,49.93000031
5/22/2024,47.90000153
5/23/2024,47.77999878
5/24/2024,48.90999985
5/27/2024,49.70999908
5/28/2024,49.5
5/29/2024,48.83000183
5/30/2024,49.56000137
5/31/2024,49.38999939
6/3/2024,49.25999832
6/4/2024,48.90999985
6/5/2024,48.09999847
6/6/2024,47.20000076
6/7/2024,48.40000153
6/10/2024,48.5
6/11/2024,51.95999908
6/12/2024,52.18000031
6/13/2024,50.79999924
6/14/2024,50.24000168
6/17/2024,49.68000031
6/18/2024,49.68000031
6/19/2024,49.70999908
6/20/2024,50.31999969
6/21/2024,51.24000168
6/24/2024,53.86000061
6/25/2024,54.5
6/26/2024,54.11999893
6/27/2024,54.11999893
6/28/2024,54.79999924
7/1/2024,54.63999939
7/2/2024,54.61999893
7/3/2024,54.74000168
7/4/2024,54.75999832
7/5/2024,54.95999908
7/8/2024,54.84000015
7/9/2024,55.31999969
7/10/2024,54.63999939
7/11/2024,54.79999924
7/12/2024,54.91999817
7/15/2024,54.70000076
7/16/2024,54.84000015
7/17/2024,54.93999863
7/18/2024,55
7/19/2024,54.74000168
7/22/2024,55
7/23/2024,55.43999863
7/24/2024,54.91999817
7/25/2024,54.63999939
7/26/2024,54.95999908
7/29/2024,53.90000153
7/30/2024,54.68000031
7/31/2024,54.45999908
8/1/2024,54.88000107
8/2/2024,53.93999863
8/5/2024,52.61999893
8/6/2024,53.59999847
8/7/2024,53.31999969
8/8/2024,53.20000076
8/9/2024,53.79999924
8/12/2024,53.74000168
8/13/2024,53.40000153
8/14/2024,53.24000168
8/15/2024,53.70000076
8/16/2024,54.59999847
8/19/2024,54.29999924
8/20/2024,53.84000015
8/21/2024,53.86000061
8/22/2024,53.54000092
8/23/2024,53.56000137
8/26/2024,53.75999832
8/27/2024,53.84000015
8/28/2024,55.5
8/29/2024,55.40000153
8/30/2024,55.40000153
9/2/2024,54.95999908
9/3/2024,54.79999924
9/4/2024,55.04000092
9/5/2024,55.59999847
9/6/2024,55.27999878
9/9/2024,55.70000076
9/10/2024,55.29999924
9/11/2024,55.90000153
9/12/2024,55.95999908
9/13/2024,55.95999908
9/16/2024,55.61999893
9/17/2024,55.56000137
9/18/2024,54.91999817
9/19/2024,54.90000153
9/20/2024,54.13999939
9/23/2024,54.54000092
9/24/2024,54.84000015
9/25/2024,54.27999878
9/26/2024,53.91999817
9/27/2024,54.91999817
9/30/2024,55.93999863
10/1/2024,58.06000137
10/2/2024,58.20000076
10/3/2024,58.41999817
10/4/2024,58.36000061
10/7/2024,58.22000122
10/8/2024,58.22000122
10/9/2024,58.29999924
10/10/2024,58.29999924
10/11/2024,58.34000015
10/14/2024,58.36000061
10/15/2024,58.47999954
10/16/2024,58.40000153
10/17/2024,58.34000015
10/18/2024,58.43999863
10/21/2024,58.40000153
10/22/2024,58.41999817
10/23/2024,58.34000015
10/24/2024,58.29999924
10/25/2024,58.20000076
10/28/2024,58.22000122
10/29/2024,58.22000122
10/30/2024,58.27999878
10/31/2024,58.20000076
11/1/2024,58.11999893
11/4/2024,58
11/5/2024,58
11/6/2024,57.97999954
11/7/2024,57.72000122
11/8/2024,57.47999954
11/11/2024,57.52000046
11/12/2024,57
11/13/2024,57.15999985
11/14/2024,57.09999847
11/15/2024,57.09999847
11/18/2024,57.09999847
11/19/2024,57.29999924
11/20/2024,57.31999969
11/21/2024,57.04000092
11/22/2024,57.09999847
11/25/2024,57.09999847
11/26/2024,57.5
11/27/2024,57.40000153
11/28/2024,57.40000153
11/29/2024,57.72000122
12/2/2024,57.91999817
12/3/2024,57.86000061
12/4/2024,57.5
12/5/2024,57.79999924
12/6/2024,57.79999924
12/9/2024,57.91999817
12/10/2024,57.91999817
12/11/2024,57.90000153
12/12/2024,57.79999924
12/13/2024,57.90000153
12/16/2024,57.20000076
12/17/2024,56.54000092
12/18/2024,56.72000122
12/19/2024,57
12/20/2024,57
12/23/2024,58
12/27/2024,56.27999878
12/30/2024,56.27999878
1/2/2025,55.86000061
1/3/2025,55.72000122
1/6/2025,56.04000092
1/7/2025,55.77999878
1/8/2025,55.77999878
1/9/2025,56.29999924
1/10/2025,56.63999939
1/13/2025,56.45999908
1/14/2025,56.34000015
1/15/2025,56.34000015
1/16/2025,56.34000015
1/17/2025,56.34000015
1/20/2025,56.34000015
1/21/2025,56.34000015
1/22/2025,56.34000015
1/23/2025,56.24000168
1/24/2025,56.24000168
1/27/2025,56.18000031
1/28/2025,56.29999924
1/29/2025,57.20000076
1/30/2025,57.09999847
1/31/2025,57
2/3/2025,57
2/4/2025,57.20000076
2/5/2025,57.47999954
2/6/2025,57.59999847
2/7/2025,57.79999924
2/10/2025,57.79999924
2/11/2025,57.90000153
2/12/2025,58.09999847
2/13/2025,58.15999985
2/14/2025,58.56000137
2/17/2025,58.5
2/18/2025,58.5
2/19/2025,58.74000168
2/20/2025,58.70000076
2/21/2025,58.70000076
2/24/2025,58.77999878
2/25/2025,58.70000076
2/26/2025,58.52000046
2/27/2025,58.77999878
2/28/2025,58.06000137
3/3/2025,58.11999893
3/4/2025,58.93999863
3/5/2025,58.34000015
3/6/2025,58.43999863
3/7/2025,58.61999893
3/10/2025,58.90000153
3/11/2025,58.43999863
3/12/2025,58.61999893
3/13/2025,58.74000168
3/14/2025,58.09999847
3/17/2025,58.09999847
3/18/2025,58
3/19/2025,58.20000076
3/20/2025,58.24000168
3/21/2025,58.43999863
3/24/2025,58.43999863
3/25/2025,58.43999863
3/26/2025,58.43999863
3/27/2025,58.5
3/28/2025,58.22000122
3/31/2025,58.79999924
4/1/2025,58.70000076
4/2/2025,58.84000015
4/3/2025,58.90000153
4/4/2025,59
4/7/2025,58.11999893
4/8/2025,58.18000031
4/9/2025,58.18000031
4/10/2025,58.29999924
4/11/2025,58.22000122
4/14/2025,58.56000137
4/15/2025,58.56000137
4/16/2025,58.56000137
4/17/2025,58.81999969
4/22/2025,58.90000153
4/23/2025,59
4/24/2025,59
4/25/2025,59
4/28/2025,59.09999847
4/29/2025,59.09999847
4/30/2025,58.75999832
5/2/2025,58.45999908
5/5/2025,59.38000107
5/6/2025,59
5/7/2025,59.31999969
5/8/2025,59.54000092
5/9/2025,59.52000046
5/12/2025,59.29999924
5/13/2025,59.70000076
5/14/2025,59.70000076
5/15/2025,60
5/16/2025,60
5/19/2025,60.41999817
5/20/2025,59.84000015
5/21/2025,60.09999847
5/22/2025,59.93999863
5/23/2025,59.90000153
5/26/2025,59.31999969
5/27/2025,59.90000153
5/28/2025,59.90000153
5/29/2025,60.02000046
5/30/2025,60.09999847
6/2/2025,59.97999954
6/3/2025,60.20000076
6/4/2025,59.93999863
6/5/2025,59.93999863
6/6/2025,59.93999863
6/9/2025,59.93999863
6/10/2025,59.77999878
6/11/2025,59.74000168
6/12/2025,59.88000107
6/13/2025,59.81999969
6/16/2025,60
6/17/2025,59.70000076
6/18/2025,60
6/19/2025,59.70000076
6/20/2025,60.84000015
6/23/2025,60.08000183
6/24/2025,60.81999969
6/25/2025,60.5
6/26/2025,60.54000092
6/27/2025,60.27999878
6/30/2025,60.56000137
7/1/2025,60.70000076
7/2/2025,60.84000015
7/3/2025,60.58000183
7/4/2025,60.52000046
7/7/2025,60.56000137
7/8/2025,60.79999924
7/9/2025,60.54000092
7/10/2025,60.58000183
7/11/2025,60.54000092
7/14/2025,60.45999908
7/15/2025,60.47999954
7/16/2025,60.47999954
7/17/2025,60.43999863
7/18/2025,60.40000153
7/21/2025,60.61999893
7/22/2025,60.41999817
7/23/2025,60.41999817
7/24/2025,60.5
7/25/2025,60.45999908
7/28/2025,60.84000015
7/29/2025,60.38000107
7/30/2025,60.27999878
7/31/2025,60.38000107
8/1/2025,60.45999908
8/4/2025,60.41999817
8/5/2025,60.34000015
8/6/2025,60.38000107
8/7/2025,60.56000137
8/8/2025,60.40000153
8/11/2025,60.58000183
8/12/2025,60.58000183
8/13/2025,60.41999817
8/14/2025,60.59999847
8/15/2025,60.70000076
8/18/2025,60.58000183
8/19/2025,60.41999817
8/20/2025,60.5
8/21/2025,60.36000061
8/22/2025,60.24000168
8/25/2025,60.29999924
8/26/2025,59.61999893
8/27/2025,59.91999817
8/28/2025,60.40000153
8/29/2025,60.40000153
9/1/2025,59.84000015
9/2/2025,59.90000153
9/3/2025,59.93999863
9/4/2025,56.29999924
9/5/2025,55.29999924
9/8/2025,55.29999924
9/9/2025,55.27999878
9/10/2025,55.27999878
9/11/2025,58.74000168
9/12/2025,58.5
9/15/2025,57.91999817
9/16/2025,57.61999893
9/17/2025,57.52000046
9/18/2025,57.09999847
9/19/2025,55.06000137
9/22/2025,55.06000137
9/23/2025,54.61999893
9/24/2025,57.24000168
9/25/2025,57.86000061
9/26/2025,58.20000076
9/29/2025,58.04000092
9/30/2025,58.04000092
10/1/2025,59.20000076
10/2/2025,58.97999954
10/3/2025,59.27999878
10/6/2025,59.27999878
10/7/2025,59.90000153
10/8/2025,59.90000153
10/9/2025,59.90000153
10/10/2025,59.61999893
10/13/2025,59
10/14/2025,59.34000015
10/15/2025,59.65999985
10/16/2025,59.86000061
10/17/2025,59.36000061
10/20/2025,60.22000122
10/21/2025,59.79999924
10/22/2025,60.20000076
10/23/2025,59.95999908
10/24/2025,59.95999908
10/27/2025,59.40000153
10/28/2025,59.34000015
10/29/2025,59.04000092
10/30/2025,59.84000015
10/31/2025,58.91999817
11/3/2025,58.65999985
11/4/2025,59.41999817
11/5/2025,60.29999924
11/6/2025,59.5
11/7/2025,59.5
11/10/2025,59
11/11/2025,59
11/12/2025,58.91999817
11/13/2025,58.91999817
11/14/2025,60.18000031
11/17/2025,59.61999893
11/18/2025,60.34000015
11/19/2025,60.31999969
11/20/2025,60.5
11/21/2025,60.31999969
11/24/2025,59.54000092
11/25/2025,59.24000168
11/26/2025,59.24000168
11/27/2025,59.34000015
11/28/2025,59.11999893
